rouge1,rouge2,rougeL,rougeLsum
0.01956557240661384,0.0,0.019767838622249213,0.02016949564231921
